{
    "BattleOutIP": "193.112.190.224",
    "BGateway1Port": 30102,
    "BGateway2Port": 30103,
    "BGateway3Port": 30104,
    "BGateway4Port": 30105,
    "LoginInnerIP": "10.104.155.118",
    "LoginPort": "20106",
    "LoginDBName": "s0001_Login",
    "GameDBhost": "10.66.153.55",
    "GameDBPort": 3306,
    "GameDBPassword": "Hoolai_\\)18",
    "PHPDBhost": "10.66.115.215",
    "PHPDBPort": 3306,
    "PHPDBPassword": "Hoolai_)18",
    "DBPassword": "Hoolai_\\)18",
    "LogDBhost": "10.66.153.55",
    "LogDBPort": 3306,
    "LoginDBhost": "10.66.153.55",
    "LoginDBPort": 3306,
    "LoginServerName": "VM_155_118_centos"
}